<?xml version="1.0" encoding="UTF-8"?>
<document type="com.apple.InterfaceBuilder3.CocoaTouch.Storyboard.XIB" version="3.0" toolsVersion="14460.31" targetRuntime="iOS.CocoaTouch" propertyAccessControl="none" useAutolayout="YES" useTraitCollections="YES" useSafeAreas="YES" colorMatched="YES" initialViewController="Pc6-cf-mvn">
    <device id="retina5_9" orientation="portrait">
        <adaptation id="fullscreen"/>
    </device>
    <dependencies>
        <deployment identifier="iOS"/>
        <plugIn identifier="com.apple.InterfaceBuilder.IBCocoaTouchPlugin" version="14460.20"/>
        <capability name="Safe area layout guides" minToolsVersion="9.0"/>
        <capability name="documents saved in the Xcode 8 format" minToolsVersion="8.0"/>
    </dependencies>
    <scenes>
        <!--View Controller-->
        <scene sceneID="l5J-JQ-Iw9">
            <objects>
                <viewController storyboardIdentifier="p0" id="7qn-yB-dTn" sceneMemberID="viewController">
                    <view key="view" contentMode="scaleToFill" id="jMF-EX-Y8X">
                        <rect key="frame" x="0.0" y="0.0" width="375" height="812"/>
                        <autoresizingMask key="autoresizingMask" widthSizable="YES" heightSizable="YES"/>
                        <subviews>
                            <imageView userInteractionEnabled="NO" contentMode="scaleToFill" horizontalHuggingPriority="251" verticalHuggingPriority="251" fixedFrame="YES" image="leftpage" translatesAutoresizingMaskIntoConstraints="NO" id="ced-je-bqp">
                                <rect key="frame" x="0.0" y="0.0" width="375" height="812"/>
                                <autoresizingMask key="autoresizingMask" flexibleMaxX="YES" flexibleMaxY="YES"/>
                            </imageView>
                            <button opaque="NO" contentMode="scaleToFill" fixedFrame="YES" contentHorizontalAlignment="center" contentVerticalAlignment="center" lineBreakMode="middleTruncation" translatesAutoresizingMaskIntoConstraints="NO" id="Ro9-dn-pvD">
                                <rect key="frame" x="299" y="44" width="60" height="60"/>
                                <autoresizingMask key="autoresizingMask" flexibleMaxX="YES" flexibleMaxY="YES"/>
                                <fontDescription key="fontDescription" type="system" pointSize="20"/>
                                <state key="normal" backgroundImage="User"/>
                            </button>
                            <label opaque="NO" userInteractionEnabled="NO" contentMode="left" horizontalHuggingPriority="251" verticalHuggingPriority="251" fixedFrame="YES" text="User" textAlignment="center" lineBreakMode="tailTruncation" baselineAdjustment="alignBaselines" adjustsFontSizeToFit="NO" translatesAutoresizingMaskIntoConstraints="NO" id="ZMF-15-lzq">
                                <rect key="frame" x="79" y="101" width="217" height="77"/>
                                <autoresizingMask key="autoresizingMask" flexibleMaxX="YES" flexibleMaxY="YES"/>
                                <fontDescription key="fontDescription" type="system" pointSize="40"/>
                                <nil key="highlightedColor"/>
                            </label>
                        </subviews>
                        <color key="tintColor" red="0.0" green="0.099772103130817413" blue="0.12659603357315063" alpha="1" colorSpace="custom" customColorSpace="sRGB"/>
                        <viewLayoutGuide key="safeArea" id="hch-w9-chh"/>
                    </view>
                </viewController>
                <placeholder placeholderIdentifier="IBFirstResponder" id="piQ-ww-vd4" userLabel="First Responder" sceneMemberID="firstResponder"/>
            </objects>
            <point key="canvasLocation" x="-1578.4000000000001" y="26.600985221674879"/>
        </scene>
        <!--Pageviewcontroller-->
        <scene sceneID="vb2-Je-z6H">
            <objects>
                <pageViewController autoresizesArchivedViewToFullSize="NO" transitionStyle="scroll" navigationOrientation="horizontal" spineLocation="none" id="Pc6-cf-mvn" customClass="pageviewcontroller" customModule="mainproject" customModuleProvider="target" sceneMemberID="viewController"/>
                <placeholder placeholderIdentifier="IBFirstResponder" id="7X7-Nf-Vb8" userLabel="First Responder" sceneMemberID="firstResponder"/>
            </objects>
            <point key="canvasLocation" x="-599" y="27"/>
        </scene>
        <!--Center Page-->
        <scene sceneID="Yv4-Kh-ax3">
            <objects>
                <viewController storyboardIdentifier="p1" id="gdg-Ub-JrP" customClass="CenterPage" customModule="mainproject" customModuleProvider="target" sceneMemberID="viewController">
                    <view key="view" contentMode="scaleToFill" id="7yw-Qv-RLN">
                        <rect key="frame" x="0.0" y="0.0" width="375" height="812"/>
                        <autoresizingMask key="autoresizingMask" widthSizable="YES" heightSizable="YES"/>
                        <subviews>
                            <imageView userInteractionEnabled="NO" contentMode="scaleToFill" horizontalHuggingPriority="251" verticalHuggingPriority="251" fixedFrame="YES" image="CenterBackground" translatesAutoresizingMaskIntoConstraints="NO" id="Z7X-rd-UPe">
                                <rect key="frame" x="0.0" y="0.0" width="375" height="812"/>
                                <autoresizingMask key="autoresizingMask" flexibleMaxX="YES" flexibleMaxY="YES"/>
                            </imageView>
                            <button opaque="NO" contentMode="scaleToFill" fixedFrame="YES" contentHorizontalAlignment="center" contentVerticalAlignment="center" lineBreakMode="middleTruncation" translatesAutoresizingMaskIntoConstraints="NO" id="bZE-Sx-zGF">
                                <rect key="frame" x="16" y="44" width="60" height="60"/>
                                <autoresizingMask key="autoresizingMask" flexibleMaxX="YES" flexibleMaxY="YES"/>
                                <fontDescription key="fontDescription" type="system" pointSize="20"/>
                                <state key="normal" backgroundImage="User"/>
                            </button>
                            <containerView opaque="NO" contentMode="scaleToFill" fixedFrame="YES" translatesAutoresizingMaskIntoConstraints="NO" id="Qr8-OX-AeX">
                                <rect key="frame" x="0.0" y="225" width="375" height="340"/>
                                <autoresizingMask key="autoresizingMask" widthSizable="YES" flexibleMinY="YES"/>
                                <color key="backgroundColor" white="0.0" alpha="0.0" colorSpace="custom" customColorSpace="genericGamma22GrayColorSpace"/>
                                <connections>
                                    <segue destination="Qjm-BM-jc0" kind="embed" id="srq-BG-B1t"/>
                                </connections>
                            </containerView>
                            <imageView userInteractionEnabled="NO" contentMode="scaleToFill" horizontalHuggingPriority="251" verticalHuggingPriority="251" fixedFrame="YES" translatesAutoresizingMaskIntoConstraints="NO" id="izU-9a-pGg">
                                <rect key="frame" x="11" y="597" width="170" height="120"/>
                                <autoresizingMask key="autoresizingMask" flexibleMaxX="YES" flexibleMaxY="YES"/>
                                <color key="backgroundColor" white="1" alpha="0.60314105308219179" colorSpace="custom" customColorSpace="genericGamma22GrayColorSpace"/>
                            </imageView>
                            <imageView userInteractionEnabled="NO" contentMode="scaleToFill" horizontalHuggingPriority="251" verticalHuggingPriority="251" fixedFrame="YES" translatesAutoresizingMaskIntoConstraints="NO" id="88b-KM-c3w">
                                <rect key="frame" x="194" y="597" width="170" height="120"/>
                                <autoresizingMask key="autoresizingMask" flexibleMaxX="YES" flexibleMaxY="YES"/>
                                <color key="backgroundColor" white="1" alpha="0.59999999999999998" colorSpace="custom" customColorSpace="genericGamma22GrayColorSpace"/>
                            </imageView>
                            <label opaque="NO" userInteractionEnabled="NO" contentMode="left" horizontalHuggingPriority="251" verticalHuggingPriority="251" fixedFrame="YES" text="Last Mouth" textAlignment="center" lineBreakMode="tailTruncation" baselineAdjustment="alignBaselines" adjustsFontSizeToFit="NO" translatesAutoresizingMaskIntoConstraints="NO" id="eUg-sH-cSo">
                                <rect key="frame" x="48" y="680" width="99" height="24"/>
                                <autoresizingMask key="autoresizingMask" flexibleMaxX="YES" flexibleMaxY="YES"/>
                                <fontDescription key="fontDescription" type="system" pointSize="20"/>
                                <color key="textColor" red="0.055920660495758057" green="0.26091811060905457" blue="0.41716581583023071" alpha="1" colorSpace="custom" customColorSpace="sRGB"/>
                                <nil key="highlightedColor"/>
                            </label>
                            <label opaque="NO" userInteractionEnabled="NO" contentMode="left" horizontalHuggingPriority="251" verticalHuggingPriority="251" fixedFrame="YES" text="This mouth" textAlignment="center" lineBreakMode="tailTruncation" baselineAdjustment="alignBaselines" adjustsFontSizeToFit="NO" translatesAutoresizingMaskIntoConstraints="NO" id="usS-o8-Iqg">
                                <rect key="frame" x="231" y="679" width="98" height="24"/>
                                <autoresizingMask key="autoresizingMask" flexibleMaxX="YES" flexibleMaxY="YES"/>
                                <fontDescription key="fontDescription" type="system" pointSize="20"/>
                                <color key="textColor" red="0.055920660495758057" green="0.26091811060905457" blue="0.41716581583023071" alpha="1" colorSpace="custom" customColorSpace="sRGB"/>
                                <nil key="highlightedColor"/>
                            </label>
                            <label opaque="NO" userInteractionEnabled="NO" contentMode="left" horizontalHuggingPriority="251" verticalHuggingPriority="251" fixedFrame="YES" text="Detail" textAlignment="natural" lineBreakMode="tailTruncation" baselineAdjustment="alignBaselines" adjustsFontSizeToFit="NO" translatesAutoresizingMaskIntoConstraints="NO" id="6vD-hm-82c">
                                <rect key="frame" x="126" y="157" width="122" height="60"/>
                                <autoresizingMask key="autoresizingMask" flexibleMaxX="YES" flexibleMaxY="YES"/>
                                <fontDescription key="fontDescription" type="system" pointSize="50"/>
                                <color key="textColor" red="0.055920660495758057" green="0.26091811060905457" blue="0.41716581583023071" alpha="1" colorSpace="custom" customColorSpace="sRGB"/>
                                <nil key="highlightedColor"/>
                            </label>
                        </subviews>
                        <color key="backgroundColor" white="1" alpha="1" colorSpace="custom" customColorSpace="genericGamma22GrayColorSpace"/>
                        <viewLayoutGuide key="safeArea" id="kqO-1n-9X9"/>
                    </view>
                    <navigationItem key="navigationItem" id="5SE-6f-sJh"/>
                    <connections>
                        <outlet property="LastMouth" destination="izU-9a-pGg" id="aQW-rn-GB2"/>
                        <outlet property="ThisMouth" destination="88b-KM-c3w" id="0N4-RF-6O5"/>
                    </connections>
                </viewController>
                <placeholder placeholderIdentifier="IBFirstResponder" id="Z0H-lc-HKr" userLabel="First Responder" sceneMemberID="firstResponder"/>
            </objects>
            <point key="canvasLocation" x="301.60000000000002" y="26.600985221674879"/>
        </scene>
        <!--Daily Detail-->
        <scene sceneID="gMp-SL-8pR">
            <objects>
                <viewController id="0cS-Vm-YQK" customClass="DailyDetail" customModule="mainproject" customModuleProvider="target" sceneMemberID="viewController">
                    <view key="view" contentMode="scaleToFill" id="DXG-3H-9co">
                        <rect key="frame" x="0.0" y="0.0" width="375" height="812"/>
                        <autoresizingMask key="autoresizingMask" widthSizable="YES" heightSizable="YES"/>
                        <subviews>
                            <imageView userInteractionEnabled="NO" contentMode="scaleToFill" horizontalHuggingPriority="251" verticalHuggingPriority="251" fixedFrame="YES" image="whitemarble" translatesAutoresizingMaskIntoConstraints="NO" id="aEg-Mv-L78">
                                <rect key="frame" x="0.0" y="0.0" width="375" height="812"/>
                                <autoresizingMask key="autoresizingMask" flexibleMaxX="YES" flexibleMaxY="YES"/>
                                <gestureRecognizers/>
                            </imageView>
                            <datePicker contentMode="scaleToFill" fixedFrame="YES" contentHorizontalAlignment="center" contentVerticalAlignment="center" datePickerMode="dateAndTime" minuteInterval="1" translatesAutoresizingMaskIntoConstraints="NO" id="yjT-FJ-Ocd">
                                <rect key="frame" x="115" y="302" width="251" height="86"/>
                                <autoresizingMask key="autoresizingMask" widthSizable="YES" flexibleMaxY="YES"/>
                                <color key="backgroundColor" white="0.0" alpha="0.0" colorSpace="custom" customColorSpace="genericGamma22GrayColorSpace"/>
                                <color key="tintColor" red="0.055920660495758057" green="0.26091811060905457" blue="0.41716581583023071" alpha="1" colorSpace="custom" customColorSpace="sRGB"/>
                                <date key="date" timeIntervalSinceReferenceDate="576726000.74082696">
                                    <!--2019-04-12 01:40:00 +0000-->
                                </date>
                                <connections>
                                    <action selector="dateAction:" destination="0cS-Vm-YQK" eventType="valueChanged" id="qNY-iw-dYx"/>
                                </connections>
                            </datePicker>
                            <button opaque="NO" tag="1" contentMode="scaleToFill" fixedFrame="YES" contentHorizontalAlignment="center" contentVerticalAlignment="center" buttonType="roundedRect" lineBreakMode="middleTruncation" translatesAutoresizingMaskIntoConstraints="NO" id="srw-Vr-le5">
                                <rect key="frame" x="36" y="714" width="30" height="48"/>
                                <autoresizingMask key="autoresizingMask" flexibleMaxX="YES" flexibleMaxY="YES"/>
                                <fontDescription key="fontDescription" type="system" pointSize="30"/>
                                <state key="normal" title="0">
                                    <color key="titleColor" red="0.055920660495758057" green="0.26091811060905457" blue="0.41716581583023071" alpha="1" colorSpace="custom" customColorSpace="sRGB"/>
                                </state>
                                <connections>
                                    <action selector="numbers:" destination="0cS-Vm-YQK" eventType="touchUpInside" id="A3j-Bj-oa6"/>
                                </connections>
                            </button>
                            <button opaque="NO" tag="1" contentMode="scaleToFill" fixedFrame="YES" contentHorizontalAlignment="center" contentVerticalAlignment="center" buttonType="roundedRect" lineBreakMode="middleTruncation" translatesAutoresizingMaskIntoConstraints="NO" id="Zc2-6C-9Dw">
                                <rect key="frame" x="130" y="724" width="25" height="25"/>
                                <autoresizingMask key="autoresizingMask" flexibleMaxX="YES" flexibleMaxY="YES"/>
                                <fontDescription key="fontDescription" type="system" pointSize="30"/>
                                <state key="normal" backgroundImage="clean">
                                    <color key="titleColor" red="0.055920660499999997" green="0.26091811059999998" blue="0.41716581580000001" alpha="1" colorSpace="custom" customColorSpace="sRGB"/>
                                </state>
                                <connections>
                                    <action selector="clean:" destination="0cS-Vm-YQK" eventType="touchUpInside" id="fqU-6e-6hn"/>
                                    <action selector="numbers:" destination="0cS-Vm-YQK" eventType="touchUpInside" id="xdl-nI-XRn"/>
                                </connections>
                            </button>
                            <button opaque="NO" tag="2" contentMode="scaleToFill" fixedFrame="YES" contentHorizontalAlignment="center" contentVerticalAlignment="center" buttonType="roundedRect" lineBreakMode="middleTruncation" translatesAutoresizingMaskIntoConstraints="NO" id="d3Q-Xe-cIX">
                                <rect key="frame" x="36" y="555" width="30" height="49"/>
                                <autoresizingMask key="autoresizingMask" flexibleMaxX="YES" flexibleMaxY="YES"/>
                                <fontDescription key="fontDescription" type="system" pointSize="31"/>
                                <state key="normal" title="1">
                                    <color key="titleColor" red="0.055920660495758057" green="0.26091811060905457" blue="0.41716581583023071" alpha="1" colorSpace="custom" customColorSpace="sRGB"/>
                                </state>
                                <connections>
                                    <action selector="numbers:" destination="0cS-Vm-YQK" eventType="touchUpInside" id="x4X-AV-0TU"/>
                                </connections>
                            </button>
                            <button opaque="NO" tag="3" contentMode="scaleToFill" fixedFrame="YES" contentHorizontalAlignment="center" contentVerticalAlignment="center" buttonType="roundedRect" lineBreakMode="middleTruncation" translatesAutoresizingMaskIntoConstraints="NO" id="u81-6c-ys1">
                                <rect key="frame" x="127" y="551" width="30" height="53"/>
                                <autoresizingMask key="autoresizingMask" flexibleMaxX="YES" flexibleMaxY="YES"/>
                                <fontDescription key="fontDescription" type="system" pointSize="30"/>
                                <state key="normal" title="2">
                                    <color key="titleColor" red="0.055920660495758057" green="0.26091811060905457" blue="0.41716581583023071" alpha="1" colorSpace="custom" customColorSpace="sRGB"/>
                                </state>
                                <connections>
                                    <action selector="numbers:" destination="0cS-Vm-YQK" eventType="touchUpInside" id="BYg-NG-8Le"/>
                                </connections>
                            </button>
                            <button opaque="NO" tag="4" contentMode="scaleToFill" fixedFrame="YES" contentHorizontalAlignment="center" contentVerticalAlignment="center" buttonType="roundedRect" lineBreakMode="middleTruncation" translatesAutoresizingMaskIntoConstraints="NO" id="cFU-C9-rgi">
                                <rect key="frame" x="218" y="553" width="30" height="51"/>
                                <autoresizingMask key="autoresizingMask" flexibleMaxX="YES" flexibleMaxY="YES"/>
                                <fontDescription key="fontDescription" type="system" pointSize="30"/>
                                <state key="normal" title="3">
                                    <color key="titleColor" red="0.055920660495758057" green="0.26091811060905457" blue="0.41716581583023071" alpha="1" colorSpace="custom" customColorSpace="sRGB"/>
                                </state>
                                <connections>
                                    <action selector="numbers:" destination="0cS-Vm-YQK" eventType="touchUpInside" id="7df-yJ-64Y"/>
                                </connections>
                            </button>
                            <button opaque="NO" tag="5" contentMode="scaleToFill" fixedFrame="YES" contentHorizontalAlignment="center" contentVerticalAlignment="center" buttonType="roundedRect" lineBreakMode="middleTruncation" translatesAutoresizingMaskIntoConstraints="NO" id="2iI-n5-s8j">
                                <rect key="frame" x="36" y="608" width="30" height="48"/>
                                <autoresizingMask key="autoresizingMask" flexibleMaxX="YES" flexibleMaxY="YES"/>
                                <fontDescription key="fontDescription" type="system" pointSize="30"/>
                                <state key="normal" title="4">
                                    <color key="titleColor" red="0.055920660495758057" green="0.26091811060905457" blue="0.41716581583023071" alpha="1" colorSpace="custom" customColorSpace="sRGB"/>
                                </state>
                                <connections>
                                    <action selector="numbers:" destination="0cS-Vm-YQK" eventType="touchUpInside" id="oDp-TI-kkI"/>
                                </connections>
                            </button>
                            <button opaque="NO" tag="6" contentMode="scaleToFill" fixedFrame="YES" contentHorizontalAlignment="center" contentVerticalAlignment="center" buttonType="roundedRect" lineBreakMode="middleTruncation" translatesAutoresizingMaskIntoConstraints="NO" id="NFD-wf-ZoL">
                                <rect key="frame" x="127" y="608" width="30" height="48"/>
                                <autoresizingMask key="autoresizingMask" flexibleMaxX="YES" flexibleMaxY="YES"/>
                                <fontDescription key="fontDescription" type="system" pointSize="30"/>
                                <state key="normal" title="5">
                                    <color key="titleColor" red="0.055920660495758057" green="0.26091811060905457" blue="0.41716581583023071" alpha="1" colorSpace="custom" customColorSpace="sRGB"/>
                                </state>
                                <connections>
                                    <action selector="numbers:" destination="0cS-Vm-YQK" eventType="touchUpInside" id="aOa-Jo-k92"/>
                                </connections>
                            </button>
                            <button opaque="NO" tag="7" contentMode="scaleToFill" fixedFrame="YES" contentHorizontalAlignment="center" contentVerticalAlignment="center" buttonType="roundedRect" lineBreakMode="middleTruncation" translatesAutoresizingMaskIntoConstraints="NO" id="gu9-LS-Dkc">
                                <rect key="frame" x="218" y="608" width="30" height="48"/>
                                <autoresizingMask key="autoresizingMask" flexibleMaxX="YES" flexibleMaxY="YES"/>
                                <fontDescription key="fontDescription" type="system" pointSize="30"/>
                                <state key="normal" title="6">
                                    <color key="titleColor" red="0.055920660495758057" green="0.26091811060905457" blue="0.41716581583023071" alpha="1" colorSpace="custom" customColorSpace="sRGB"/>
                                </state>
                                <connections>
                                    <action selector="numbers:" destination="0cS-Vm-YQK" eventType="touchUpInside" id="Rce-nC-e3R"/>
                                </connections>
                            </button>
                            <button opaque="NO" tag="8" contentMode="scaleToFill" fixedFrame="YES" contentHorizontalAlignment="center" contentVerticalAlignment="center" buttonType="roundedRect" lineBreakMode="middleTruncation" translatesAutoresizingMaskIntoConstraints="NO" id="cyA-nC-PTr">
                                <rect key="frame" x="36" y="660" width="30" height="48"/>
                                <autoresizingMask key="autoresizingMask" flexibleMaxX="YES" flexibleMaxY="YES"/>
                                <fontDescription key="fontDescription" type="system" pointSize="30"/>
                                <state key="normal" title="7">
                                    <color key="titleColor" red="0.055920660495758057" green="0.26091811060905457" blue="0.41716581583023071" alpha="1" colorSpace="custom" customColorSpace="sRGB"/>
                                </state>
                                <connections>
                                    <action selector="numbers:" destination="0cS-Vm-YQK" eventType="touchUpInside" id="Qpv-Er-Twc"/>
                                </connections>
                            </button>
                            <button opaque="NO" tag="9" contentMode="scaleToFill" fixedFrame="YES" contentHorizontalAlignment="center" contentVerticalAlignment="center" buttonType="roundedRect" lineBreakMode="middleTruncation" translatesAutoresizingMaskIntoConstraints="NO" id="9JF-T9-qyq">
                                <rect key="frame" x="127" y="660" width="30" height="48"/>
                                <autoresizingMask key="autoresizingMask" flexibleMaxX="YES" flexibleMaxY="YES"/>
                                <fontDescription key="fontDescription" type="system" pointSize="30"/>
                                <state key="normal" title="8">
                                    <color key="titleColor" red="0.055920660495758057" green="0.26091811060905457" blue="0.41716581583023071" alpha="1" colorSpace="custom" customColorSpace="sRGB"/>
                                </state>
                                <connections>
                                    <action selector="numbers:" destination="0cS-Vm-YQK" eventType="touchUpInside" id="SyH-8F-30a"/>
                                </connections>
                            </button>
                            <button opaque="NO" tag="10" contentMode="scaleToFill" fixedFrame="YES" contentHorizontalAlignment="center" contentVerticalAlignment="center" buttonType="roundedRect" lineBreakMode="middleTruncation" translatesAutoresizingMaskIntoConstraints="NO" id="gSJ-sy-T3Q">
                                <rect key="frame" x="218" y="660" width="30" height="48"/>
                                <autoresizingMask key="autoresizingMask" flexibleMaxX="YES" flexibleMaxY="YES"/>
                                <fontDescription key="fontDescription" type="system" pointSize="30"/>
                                <state key="normal" title="9">
                                    <color key="titleColor" red="0.055920660495758057" green="0.26091811060905457" blue="0.41716581583023071" alpha="1" colorSpace="custom" customColorSpace="sRGB"/>
                                </state>
                                <connections>
                                    <action selector="numbers:" destination="0cS-Vm-YQK" eventType="touchUpInside" id="haK-OJ-rlM"/>
                                </connections>
                            </button>
                            <button opaque="NO" contentMode="scaleToFill" fixedFrame="YES" contentHorizontalAlignment="center" contentVerticalAlignment="center" buttonType="roundedRect" lineBreakMode="middleTruncation" translatesAutoresizingMaskIntoConstraints="NO" id="hyw-JI-9WU">
                                <rect key="frame" x="221" y="725" width="25" height="25"/>
                                <autoresizingMask key="autoresizingMask" flexibleMaxX="YES" flexibleMaxY="YES"/>
                                <state key="normal" backgroundImage="arrow-left-circle">
                                    <color key="titleColor" red="0.055920660495758057" green="0.26091811060905457" blue="0.41716581583023071" alpha="1" colorSpace="custom" customColorSpace="sRGB"/>
                                </state>
                            </button>
                            <button opaque="NO" contentMode="scaleToFill" fixedFrame="YES" contentHorizontalAlignment="center" contentVerticalAlignment="center" buttonType="roundedRect" lineBreakMode="middleTruncation" translatesAutoresizingMaskIntoConstraints="NO" id="GdH-yV-P9P">
                                <rect key="frame" x="293" y="552" width="64" height="42"/>
                                <autoresizingMask key="autoresizingMask" flexibleMaxX="YES" flexibleMaxY="YES"/>
                                <fontDescription key="fontDescription" type="boldSystem" pointSize="17"/>
                                <state key="normal" title="Coupon">
                                    <color key="titleColor" red="0.055920660495758057" green="0.26091811060905457" blue="0.41716581583023071" alpha="1" colorSpace="custom" customColorSpace="sRGB"/>
                                </state>
                            </button>
                            <button opaque="NO" contentMode="scaleToFill" fixedFrame="YES" contentHorizontalAlignment="center" contentVerticalAlignment="center" buttonType="roundedRect" lineBreakMode="middleTruncation" translatesAutoresizingMaskIntoConstraints="NO" id="wBy-SR-TVe">
                                <rect key="frame" x="310" y="605" width="30" height="51"/>
                                <autoresizingMask key="autoresizingMask" flexibleMaxX="YES" flexibleMaxY="YES"/>
                                <fontDescription key="fontDescription" type="system" pointSize="32"/>
                                <state key="normal" title="+">
                                    <color key="titleColor" red="0.055920660495758057" green="0.26091811060905457" blue="0.41716581583023071" alpha="1" colorSpace="custom" customColorSpace="sRGB"/>
                                </state>
                                <connections>
                                    <action selector="add:" destination="0cS-Vm-YQK" eventType="touchUpInside" id="gsj-Pw-gHS"/>
                                </connections>
                            </button>
                            <button opaque="NO" contentMode="scaleToFill" fixedFrame="YES" contentHorizontalAlignment="center" contentVerticalAlignment="center" buttonType="roundedRect" lineBreakMode="middleTruncation" translatesAutoresizingMaskIntoConstraints="NO" id="etL-yV-eri">
                                <rect key="frame" x="310" y="657" width="30" height="54"/>
                                <autoresizingMask key="autoresizingMask" flexibleMaxX="YES" flexibleMaxY="YES"/>
                                <fontDescription key="fontDescription" type="system" pointSize="35"/>
                                <state key="normal" title="-">
                                    <color key="titleColor" red="0.055920660495758057" green="0.26091811060905457" blue="0.41716581583023071" alpha="1" colorSpace="custom" customColorSpace="sRGB"/>
                                </state>
                                <connections>
                                    <action selector="substract:" destination="0cS-Vm-YQK" eventType="touchUpInside" id="mi2-Ng-9JM"/>
                                </connections>
                            </button>
                            <button opaque="NO" contentMode="scaleToFill" fixedFrame="YES" contentHorizontalAlignment="center" contentVerticalAlignment="center" buttonType="roundedRect" lineBreakMode="middleTruncation" translatesAutoresizingMaskIntoConstraints="NO" id="TOx-tm-VDE">
                                <rect key="frame" x="310" y="712" width="30" height="49"/>
                                <autoresizingMask key="autoresizingMask" flexibleMaxX="YES" flexibleMaxY="YES"/>
                                <fontDescription key="fontDescription" type="system" pointSize="32"/>
                                <state key="normal" title="=">
                                    <color key="titleColor" red="0.055920660495758057" green="0.26091811060905457" blue="0.41716581583023071" alpha="1" colorSpace="custom" customColorSpace="sRGB"/>
                                </state>
                                <connections>
                                    <action selector="answer:" destination="0cS-Vm-YQK" eventType="touchUpInside" id="llC-74-PST"/>
                                </connections>
                            </button>
                            <button opaque="NO" contentMode="scaleToFill" fixedFrame="YES" contentHorizontalAlignment="center" contentVerticalAlignment="center" buttonType="roundedRect" lineBreakMode="middleTruncation" translatesAutoresizingMaskIntoConstraints="NO" id="miA-fB-O5g">
                                <rect key="frame" x="4" y="330" width="98" height="31"/>
                                <autoresizingMask key="autoresizingMask" flexibleMaxX="YES" flexibleMaxY="YES"/>
                                <fontDescription key="fontDescription" type="system" pointSize="28"/>
                                <state key="normal" title="Back">
                                    <color key="titleColor" red="0.055920660495758057" green="0.26091811060905457" blue="0.41716581583023071" alpha="1" colorSpace="custom" customColorSpace="sRGB"/>
                                </state>
                                <connections>
                                    <segue destination="Pc6-cf-mvn" kind="show" id="cz6-ZF-qWg"/>
                                </connections>
                            </button>
                            <imageView userInteractionEnabled="NO" contentMode="scaleToFill" horizontalHuggingPriority="251" verticalHuggingPriority="251" fixedFrame="YES" translatesAutoresizingMaskIntoConstraints="NO" id="GvT-De-dc7">
                                <rect key="frame" x="115" y="410" width="251" height="66"/>
                                <autoresizingMask key="autoresizingMask" flexibleMaxX="YES" flexibleMaxY="YES"/>
                                <color key="backgroundColor" white="1" alpha="0.34999999999999998" colorSpace="custom" customColorSpace="genericGamma22GrayColorSpace"/>
                            </imageView>
                            <label opaque="NO" userInteractionEnabled="NO" contentMode="left" horizontalHuggingPriority="251" verticalHuggingPriority="251" fixedFrame="YES" text="0" textAlignment="right" lineBreakMode="tailTruncation" baselineAdjustment="alignBaselines" adjustsFontSizeToFit="NO" translatesAutoresizingMaskIntoConstraints="NO" id="Mzr-TY-oQ7">
                                <rect key="frame" x="115" y="411" width="251" height="66"/>
                                <autoresizingMask key="autoresizingMask" flexibleMaxX="YES" flexibleMaxY="YES"/>
                                <color key="backgroundColor" white="0.0" alpha="0.0" colorSpace="custom" customColorSpace="genericGamma22GrayColorSpace"/>
                                <fontDescription key="fontDescription" type="system" pointSize="50"/>
                                <color key="textColor" red="0.055920660495758057" green="0.26091811060905457" blue="0.41716581583023071" alpha="1" colorSpace="custom" customColorSpace="sRGB"/>
                                <nil key="highlightedColor"/>
                            </label>
                            <tableView clipsSubviews="YES" contentMode="scaleToFill" fixedFrame="YES" alwaysBounceVertical="YES" dataMode="prototypes" style="plain" separatorStyle="none" rowHeight="75" estimatedRowHeight="35" sectionHeaderHeight="-1" sectionFooterHeight="-1" translatesAutoresizingMaskIntoConstraints="NO" id="t67-VR-cuq">
                                <rect key="frame" x="0.0" y="44" width="375" height="250"/>
                                <autoresizingMask key="autoresizingMask" flexibleMaxX="YES"/>
                                <color key="backgroundColor" white="0.0" alpha="0.0" colorSpace="custom" customColorSpace="genericGamma22GrayColorSpace"/>
                                <color key="sectionIndexBackgroundColor" white="0.0" alpha="0.0" colorSpace="custom" customColorSpace="genericGamma22GrayColorSpace"/>
                                <prototypes>
                                    <tableViewCell alpha="0.80000000000000004" contentMode="scaleToFill" preservesSuperviewLayoutMargins="YES" selectionStyle="default" indentationWidth="100" reuseIdentifier="DailyDetailCell" rowHeight="90" id="UjA-zH-ZVU" customClass="DailyDetailCell" customModule="mainproject" customModuleProvider="target">
                                        <rect key="frame" x="0.0" y="28" width="375" height="90"/>
                                        <autoresizingMask key="autoresizingMask"/>
                                        <tableViewCellContentView key="contentView" opaque="NO" clipsSubviews="YES" multipleTouchEnabled="YES" contentMode="center" preservesSuperviewLayoutMargins="YES" insetsLayoutMarginsFromSafeArea="NO" tableViewCell="UjA-zH-ZVU" id="Pco-is-lSG">
                                            <rect key="frame" x="0.0" y="0.0" width="375" height="90"/>
                                            <autoresizingMask key="autoresizingMask"/>
                                            <subviews>
                                                <label opaque="NO" userInteractionEnabled="NO" contentMode="left" horizontalHuggingPriority="251" verticalHuggingPriority="251" fixedFrame="YES" text="date" textAlignment="natural" lineBreakMode="tailTruncation" baselineAdjustment="alignBaselines" adjustsFontSizeToFit="NO" translatesAutoresizingMaskIntoConstraints="NO" id="IT5-2i-gVU">
                                                    <rect key="frame" x="29" y="9" width="58" height="21"/>
                                                    <autoresizingMask key="autoresizingMask" flexibleMaxX="YES" flexibleMaxY="YES"/>
                                                    <fontDescription key="fontDescription" type="system" pointSize="17"/>
                                                    <color key="textColor" red="0.055920660495758057" green="0.26091811060905457" blue="0.41716581583023071" alpha="1" colorSpace="custom" customColorSpace="sRGB"/>
                                                    <nil key="highlightedColor"/>
                                                </label>
                                                <label opaque="NO" userInteractionEnabled="NO" contentMode="left" horizontalHuggingPriority="251" verticalHuggingPriority="251" fixedFrame="YES" text="price" textAlignment="center" lineBreakMode="tailTruncation" baselineAdjustment="alignBaselines" adjustsFontSizeToFit="NO" translatesAutoresizingMaskIntoConstraints="NO" id="nm6-1V-KFl">
                                                    <rect key="frame" x="114" y="31" width="147" height="29"/>
                                                    <autoresizingMask key="autoresizingMask" flexibleMaxX="YES" flexibleMaxY="YES"/>
                                                    <fontDescription key="fontDescription" type="system" pointSize="24"/>
                                                    <color key="textColor" red="0.055920660495758057" green="0.26091811060905457" blue="0.41716581583023071" alpha="1" colorSpace="custom" customColorSpace="sRGB"/>
                                                    <nil key="highlightedColor"/>
                                                </label>
                                                <label opaque="NO" userInteractionEnabled="NO" contentMode="left" horizontalHuggingPriority="251" verticalHuggingPriority="251" fixedFrame="YES" text="coupon" textAlignment="natural" lineBreakMode="tailTruncation" baselineAdjustment="alignBaselines" adjustsFontSizeToFit="NO" translatesAutoresizingMaskIntoConstraints="NO" id="CXT-8u-xcH">
                                                    <rect key="frame" x="278" y="31" width="79" height="29"/>
                                                    <autoresizingMask key="autoresizingMask" flexibleMaxX="YES" flexibleMaxY="YES"/>
                                                    <fontDescription key="fontDescription" type="system" pointSize="24"/>
                                                    <color key="textColor" red="0.055920660499999997" green="0.26091811059999998" blue="0.41716581580000001" alpha="1" colorSpace="custom" customColorSpace="sRGB"/>
                                                    <nil key="highlightedColor"/>
                                                </label>
                                                <label opaque="NO" userInteractionEnabled="NO" contentMode="left" horizontalHuggingPriority="251" verticalHuggingPriority="251" fixedFrame="YES" text="name" textAlignment="center" lineBreakMode="tailTruncation" baselineAdjustment="alignBaselines" adjustsFontSizeToFit="NO" translatesAutoresizingMaskIntoConstraints="NO" id="Fbv-fa-h2T">
                                                    <rect key="frame" x="4" y="30" width="102" height="29"/>
                                                    <autoresizingMask key="autoresizingMask" flexibleMaxX="YES" flexibleMaxY="YES"/>
                                                    <fontDescription key="fontDescription" type="system" pointSize="24"/>
                                                    <color key="textColor" red="0.055920660495758057" green="0.26091811060905457" blue="0.41716581583023071" alpha="1" colorSpace="custom" customColorSpace="sRGB"/>
                                                    <nil key="highlightedColor"/>
                                                </label>
                                            </subviews>
                                            <color key="backgroundColor" white="0.0" alpha="0.0" colorSpace="custom" customColorSpace="genericGamma22GrayColorSpace"/>
                                        </tableViewCellContentView>
                                        <color key="backgroundColor" white="0.0" alpha="0.0" colorSpace="custom" customColorSpace="genericGamma22GrayColorSpace"/>
                                        <connections>
                                            <outlet property="coupon" destination="CXT-8u-xcH" id="WDo-7b-YEY"/>
                                            <outlet property="date" destination="IT5-2i-gVU" id="CNL-bq-aUR"/>
                                            <outlet property="name" destination="Fbv-fa-h2T" id="5s2-EW-XCj"/>
                                            <outlet property="price" destination="nm6-1V-KFl" id="Ul7-RB-32E"/>
                                        </connections>
                                    </tableViewCell>
                                </prototypes>
                                <connections>
                                    <outlet property="dataSource" destination="0cS-Vm-YQK" id="Jqb-zI-EkX"/>
                                    <outlet property="delegate" destination="0cS-Vm-YQK" id="4Cc-k5-PQG"/>
                                </connections>
                            </tableView>
                            <pickerView contentMode="scaleToFill" fixedFrame="YES" translatesAutoresizingMaskIntoConstraints="NO" id="6bF-AQ-Iod">
                                <rect key="frame" x="0.0" y="363" width="107" height="161"/>
                                <autoresizingMask key="autoresizingMask" widthSizable="YES" flexibleMaxY="YES"/>
                                <color key="tintColor" red="0.055920660495758057" green="0.26091811060905457" blue="0.41716581583023071" alpha="1" colorSpace="custom" customColorSpace="sRGB"/>
                                <connections>
                                    <outlet property="dataSource" destination="0cS-Vm-YQK" id="nQf-KL-c0J"/>
                                    <outlet property="delegate" destination="0cS-Vm-YQK" id="D5v-I2-R2E"/>
                                </connections>
                            </pickerView>
                            <button opaque="NO" contentMode="scaleToFill" fixedFrame="YES" contentHorizontalAlignment="center" contentVerticalAlignment="center" buttonType="roundedRect" lineBreakMode="middleTruncation" translatesAutoresizingMaskIntoConstraints="NO" id="r7e-uW-Eng">
                                <rect key="frame" x="115" y="485" width="251" height="52"/>
                                <autoresizingMask key="autoresizingMask" flexibleMaxX="YES" flexibleMaxY="YES"/>
                                <fontDescription key="fontDescription" type="system" pointSize="30"/>
                                <state key="normal" title="Upload">
                                    <color key="titleColor" red="0.055920660495758057" green="0.26091811060905457" blue="0.41716581583023071" alpha="1" colorSpace="custom" customColorSpace="sRGB"/>
                                </state>
                                <connections>
                                    <action selector="insert:" destination="0cS-Vm-YQK" eventType="touchUpInside" id="HaA-Ld-lae"/>
                                </connections>
                            </button>
                        </subviews>
                        <color key="backgroundColor" white="1" alpha="1" colorSpace="custom" customColorSpace="genericGamma22GrayColorSpace"/>
                        <viewLayoutGuide key="safeArea" id="D7D-Ot-lcF"/>
                    </view>
                    <navigationItem key="navigationItem" id="leH-ui-fFh"/>
                    <connections>
                        <outlet property="getDateValue" destination="yjT-FJ-Ocd" id="gOR-Ks-BHk"/>
                        <outlet property="pickerView" destination="6bF-AQ-Iod" id="ffo-7q-UUV"/>
                        <outlet property="tableView" destination="t67-VR-cuq" id="z5a-aT-w3b"/>
                        <outlet property="total" destination="Mzr-TY-oQ7" id="N6l-fm-7kv"/>
                    </connections>
                </viewController>
                <placeholder placeholderIdentifier="IBFirstResponder" id="Q1x-Im-nB7" userLabel="First Responder" sceneMemberID="firstResponder"/>
            </objects>
            <point key="canvasLocation" x="301.60000000000002" y="750.73891625615772"/>
        </scene>
        <!--Center Left-->
        <scene sceneID="LlS-NN-oLp">
            <objects>
                <viewController storyboardIdentifier="m0" id="Sah-i9-D1b" customClass="CenterLeft" customModule="mainproject" customModuleProvider="target" sceneMemberID="viewController">
                    <view key="view" contentMode="scaleToFill" id="gCN-vq-lvZ">
                        <rect key="frame" x="0.0" y="0.0" width="375" height="812"/>
                        <autoresizingMask key="autoresizingMask" widthSizable="YES" heightSizable="YES"/>
                        <subviews>
                            <imageView userInteractionEnabled="NO" contentMode="scaleToFill" horizontalHuggingPriority="251" verticalHuggingPriority="251" fixedFrame="YES" translatesAutoresizingMaskIntoConstraints="NO" id="uSK-zO-eBa">
                                <rect key="frame" x="37" y="14" width="300" height="300"/>
                                <autoresizingMask key="autoresizingMask" flexibleMaxX="YES" flexibleMaxY="YES"/>
                                <color key="backgroundColor" white="1" alpha="0.59674657529999997" colorSpace="custom" customColorSpace="genericGamma22GrayColorSpace"/>
                                <userDefinedRuntimeAttributes>
                                    <userDefinedRuntimeAttribute type="number" keyPath="layer.cornerRadius">
                                        <integer key="value" value="30"/>
                                    </userDefinedRuntimeAttribute>
                                </userDefinedRuntimeAttributes>
                            </imageView>
                            <tableView clipsSubviews="YES" contentMode="scaleToFill" fixedFrame="YES" alwaysBounceVertical="YES" dataMode="prototypes" style="plain" allowsMultipleSelection="YES" rowHeight="-1" estimatedRowHeight="-1" sectionHeaderHeight="28" sectionFooterHeight="28" translatesAutoresizingMaskIntoConstraints="NO" id="BiL-a0-5eL">
                                <rect key="frame" x="37" y="14" width="300" height="300"/>
                                <autoresizingMask key="autoresizingMask" flexibleMaxX="YES" flexibleMaxY="YES"/>
                                <color key="backgroundColor" white="0.0" alpha="0.0" colorSpace="custom" customColorSpace="genericGamma22GrayColorSpace"/>
                                <color key="separatorColor" white="0.0" alpha="1" colorSpace="custom" customColorSpace="genericGamma22GrayColorSpace"/>
                                <inset key="separatorInset" minX="15" minY="0.0" maxX="15" maxY="0.0"/>
                                <prototypes>
                                    <tableViewCell clipsSubviews="YES" contentMode="scaleToFill" preservesSuperviewLayoutMargins="YES" selectionStyle="default" indentationWidth="10" id="wY6-iN-bde">
                                        <rect key="frame" x="0.0" y="28" width="300" height="44"/>
                                        <autoresizingMask key="autoresizingMask"/>
                                        <tableViewCellContentView key="contentView" opaque="NO" clipsSubviews="YES" multipleTouchEnabled="YES" contentMode="center" preservesSuperviewLayoutMargins="YES" insetsLayoutMarginsFromSafeArea="NO" tableViewCell="wY6-iN-bde" id="baM-i2-DTo">
                                            <rect key="frame" x="0.0" y="0.0" width="300" height="43.666666666666664"/>
                                            <autoresizingMask key="autoresizingMask"/>
                                        </tableViewCellContentView>
                                        <color key="backgroundColor" white="0.0" alpha="0.0" colorSpace="custom" customColorSpace="genericGamma22GrayColorSpace"/>
                                    </tableViewCell>
                                </prototypes>
                            </tableView>
                            <imageView userInteractionEnabled="NO" contentMode="scaleToFill" horizontalHuggingPriority="251" verticalHuggingPriority="251" fixedFrame="YES" image="toright" translatesAutoresizingMaskIntoConstraints="NO" id="YGf-Fd-feR">
                                <rect key="frame" x="343" y="138" width="16" height="54"/>
                                <autoresizingMask key="autoresizingMask" flexibleMaxX="YES" flexibleMaxY="YES"/>
                            </imageView>
                        </subviews>
                        <color key="backgroundColor" white="0.0" alpha="0.0" colorSpace="custom" customColorSpace="genericGamma22GrayColorSpace"/>
                        <viewLayoutGuide key="safeArea" id="tBe-ER-yfK"/>
                    </view>
                    <connections>
                        <outlet property="Background" destination="uSK-zO-eBa" id="A9m-ax-CPd"/>
                    </connections>
                </viewController>
                <placeholder placeholderIdentifier="IBFirstResponder" id="XbY-LP-f22" userLabel="First Responder" sceneMemberID="firstResponder"/>
            </objects>
            <point key="canvasLocation" x="-439.19999999999999" y="-698.27586206896558"/>
        </scene>
        <!--Center Center Page-->
        <scene sceneID="EYS-L8-Cq7">
            <objects>
                <pageViewController autoresizesArchivedViewToFullSize="NO" transitionStyle="scroll" navigationOrientation="horizontal" spineLocation="none" id="Qjm-BM-jc0" customClass="CenterCenterPage" customModule="mainproject" customModuleProvider="target" sceneMemberID="viewController"/>
                <placeholder placeholderIdentifier="IBFirstResponder" id="NX6-Xg-Rda" userLabel="First Responder" sceneMemberID="firstResponder"/>
            </objects>
            <point key="canvasLocation" x="302" y="-1179"/>
        </scene>
        <!--Center Right-->
        <scene sceneID="RAi-Cf-Tnm">
            <objects>
                <viewController storyboardIdentifier="m2" id="c6I-a0-bhW" customClass="CenterRight" customModule="mainproject" customModuleProvider="target" sceneMemberID="viewController">
                    <view key="view" contentMode="scaleToFill" id="HMe-Pk-WTe">
                        <rect key="frame" x="0.0" y="0.0" width="375" height="812"/>
                        <autoresizingMask key="autoresizingMask" widthSizable="YES" heightSizable="YES"/>
                        <subviews>
                            <imageView userInteractionEnabled="NO" contentMode="scaleToFill" horizontalHuggingPriority="251" verticalHuggingPriority="251" fixedFrame="YES" translatesAutoresizingMaskIntoConstraints="NO" id="Std-Yg-M7r">
                                <rect key="frame" x="37" y="14" width="300" height="300"/>
                                <autoresizingMask key="autoresizingMask" flexibleMaxX="YES" flexibleMaxY="YES"/>
                                <color key="backgroundColor" white="1" alpha="0.59674657529999997" colorSpace="custom" customColorSpace="genericGamma22GrayColorSpace"/>
                                <userDefinedRuntimeAttributes>
                                    <userDefinedRuntimeAttribute type="number" keyPath="layer.cornerRadius">
                                        <integer key="value" value="30"/>
                                    </userDefinedRuntimeAttribute>
                                </userDefinedRuntimeAttributes>
                            </imageView>
                            <tableView clipsSubviews="YES" contentMode="scaleToFill" fixedFrame="YES" alwaysBounceVertical="YES" dataMode="prototypes" style="plain" rowHeight="-1" estimatedRowHeight="-1" sectionHeaderHeight="28" sectionFooterHeight="28" translatesAutoresizingMaskIntoConstraints="NO" id="nLg-Tb-y3R">
                                <rect key="frame" x="37" y="14" width="300" height="300"/>
                                <autoresizingMask key="autoresizingMask" flexibleMaxX="YES" flexibleMaxY="YES"/>
                                <color key="backgroundColor" white="0.0" alpha="0.0" colorSpace="custom" customColorSpace="genericGamma22GrayColorSpace"/>
                                <color key="separatorColor" white="0.0" alpha="1" colorSpace="custom" customColorSpace="genericGamma22GrayColorSpace"/>
                                <inset key="separatorInset" minX="15" minY="0.0" maxX="15" maxY="0.0"/>
                                <prototypes>
                                    <tableViewCell clipsSubviews="YES" contentMode="scaleToFill" preservesSuperviewLayoutMargins="YES" selectionStyle="default" indentationWidth="10" id="m6G-uq-ahU">
                                        <rect key="frame" x="0.0" y="28" width="300" height="44"/>
                                        <autoresizingMask key="autoresizingMask"/>
                                        <tableViewCellContentView key="contentView" opaque="NO" clipsSubviews="YES" multipleTouchEnabled="YES" contentMode="center" preservesSuperviewLayoutMargins="YES" insetsLayoutMarginsFromSafeArea="NO" tableViewCell="m6G-uq-ahU" id="ZSf-EW-GAH">
                                            <rect key="frame" x="0.0" y="0.0" width="300" height="43.666666666666664"/>
                                            <autoresizingMask key="autoresizingMask"/>
                                        </tableViewCellContentView>
                                        <color key="backgroundColor" white="0.0" alpha="0.0" colorSpace="custom" customColorSpace="genericGamma22GrayColorSpace"/>
                                    </tableViewCell>
                                </prototypes>
                            </tableView>
                            <imageView userInteractionEnabled="NO" contentMode="scaleToFill" horizontalHuggingPriority="251" verticalHuggingPriority="251" fixedFrame="YES" image="toleft" translatesAutoresizingMaskIntoConstraints="NO" id="5zh-gy-4E4">
                                <rect key="frame" x="8" y="128" width="16" height="54"/>
                                <autoresizingMask key="autoresizingMask" flexibleMaxX="YES" flexibleMaxY="YES"/>
                            </imageView>
                        </subviews>
                        <color key="backgroundColor" white="0.0" alpha="0.0" colorSpace="custom" customColorSpace="genericGamma22GrayColorSpace"/>
                        <viewLayoutGuide key="safeArea" id="L7m-bI-aBi"/>
                    </view>
                    <connections>
                        <outlet property="background" destination="Std-Yg-M7r" id="lYk-sg-Rja"/>
                    </connections>
                </viewController>
                <placeholder placeholderIdentifier="IBFirstResponder" id="oO5-nk-ic0" userLabel="First Responder" sceneMemberID="firstResponder"/>
            </objects>
            <point key="canvasLocation" x="1069.5999999999999" y="-698.27586206896558"/>
        </scene>
        <!--Center Center-->
        <scene sceneID="3GQ-Hg-BY9">
            <objects>
                <viewController storyboardIdentifier="m1" id="k8z-I5-laL" customClass="CenterCenter" customModule="mainproject" customModuleProvider="target" sceneMemberID="viewController">
                    <view key="view" contentMode="scaleToFill" id="IQE-7w-qRB">
                        <rect key="frame" x="0.0" y="0.0" width="375" height="812"/>
                        <autoresizingMask key="autoresizingMask" widthSizable="YES" heightSizable="YES"/>
                        <subviews>
                            <imageView userInteractionEnabled="NO" contentMode="scaleToFill" horizontalHuggingPriority="251" verticalHuggingPriority="251" fixedFrame="YES" translatesAutoresizingMaskIntoConstraints="NO" id="n5U-Al-Ygm">
                                <rect key="frame" x="37" y="14" width="300" height="300"/>
                                <autoresizingMask key="autoresizingMask" flexibleMaxX="YES" flexibleMaxY="YES"/>
                                <color key="backgroundColor" white="1" alpha="0.59674657529999997" colorSpace="custom" customColorSpace="genericGamma22GrayColorSpace"/>
                                <gestureRecognizers/>
                                <userDefinedRuntimeAttributes>
                                    <userDefinedRuntimeAttribute type="size" keyPath="layer.shadowOffset">
                                        <size key="value" width="6" height="6"/>
                                    </userDefinedRuntimeAttribute>
                                    <userDefinedRuntimeAttribute type="number" keyPath="layer.shadowOpacity">
                                        <real key="value" value="0.25"/>
                                    </userDefinedRuntimeAttribute>
                                    <userDefinedRuntimeAttribute type="color" keyPath="layer.shadowColor">
                                        <color key="value" white="0.0" alpha="1" colorSpace="custom" customColorSpace="genericGamma22GrayColorSpace"/>
                                    </userDefinedRuntimeAttribute>
                                    <userDefinedRuntimeAttribute type="number" keyPath="layer.cornerRadius">
                                        <integer key="value" value="30"/>
                                    </userDefinedRuntimeAttribute>
                                    <userDefinedRuntimeAttribute type="boolean" keyPath="layer.shadowRadius" value="YES"/>
                                </userDefinedRuntimeAttributes>
                            </imageView>
                            <button opaque="NO" contentMode="scaleToFill" fixedFrame="YES" contentHorizontalAlignment="center" contentVerticalAlignment="center" buttonType="roundedRect" lineBreakMode="middleTruncation" translatesAutoresizingMaskIntoConstraints="NO" id="IUM-MX-NU7">
                                <rect key="frame" x="37" y="14" width="300" height="300"/>
                                <autoresizingMask key="autoresizingMask" flexibleMaxX="YES" flexibleMaxY="YES"/>
                                <color key="backgroundColor" white="0.0" alpha="0.0" colorSpace="custom" customColorSpace="genericGamma22GrayColorSpace"/>
                                <connections>
                                    <segue destination="0cS-Vm-YQK" kind="show" id="B04-iA-fmd"/>
                                </connections>
                            </button>
                            <label opaque="NO" userInteractionEnabled="NO" contentMode="left" horizontalHuggingPriority="251" verticalHuggingPriority="251" fixedFrame="YES" text="Today's Balance" textAlignment="center" lineBreakMode="tailTruncation" baselineAdjustment="alignBaselines" adjustsFontSizeToFit="NO" translatesAutoresizingMaskIntoConstraints="NO" id="dBo-VN-weN">
                                <rect key="frame" x="107" y="137" width="161" height="28"/>
                                <autoresizingMask key="autoresizingMask" flexibleMaxX="YES" flexibleMaxY="YES"/>
                                <color key="backgroundColor" white="0.0" alpha="0.0" colorSpace="custom" customColorSpace="genericGamma22GrayColorSpace"/>
                                <fontDescription key="fontDescription" type="system" pointSize="23"/>
                                <color key="textColor" red="0.060043461620807648" green="0.26088500022888184" blue="0.4171568751335144" alpha="1" colorSpace="custom" customColorSpace="sRGB"/>
                                <nil key="highlightedColor"/>
                            </label>
                            <label opaque="NO" userInteractionEnabled="NO" contentMode="left" horizontalHuggingPriority="251" verticalHuggingPriority="251" fixedFrame="YES" text="Today's Save" textAlignment="center" lineBreakMode="tailTruncation" baselineAdjustment="alignBaselines" adjustsFontSizeToFit="NO" translatesAutoresizingMaskIntoConstraints="NO" id="ZTU-i8-ynF">
                                <rect key="frame" x="122" y="213" width="131" height="28"/>
                                <autoresizingMask key="autoresizingMask" flexibleMaxX="YES" flexibleMaxY="YES"/>
                                <color key="backgroundColor" white="0.0" alpha="0.0" colorSpace="custom" customColorSpace="genericGamma22GrayColorSpace"/>
                                <fontDescription key="fontDescription" type="system" pointSize="23"/>
                                <color key="textColor" red="0.055920660495758057" green="0.26091811060905457" blue="0.41716581583023071" alpha="1" colorSpace="custom" customColorSpace="sRGB"/>
                                <nil key="highlightedColor"/>
                            </label>
                            <label opaque="NO" userInteractionEnabled="NO" contentMode="left" horizontalHuggingPriority="251" verticalHuggingPriority="251" fixedFrame="YES" text="Balance price" textAlignment="center" lineBreakMode="tailTruncation" baselineAdjustment="alignBaselines" adjustsFontSizeToFit="NO" translatesAutoresizingMaskIntoConstraints="NO" id="THu-Gm-s5I">
                                <rect key="frame" x="128" y="173" width="118" height="24"/>
                                <autoresizingMask key="autoresizingMask" flexibleMaxX="YES" flexibleMaxY="YES"/>
                                <fontDescription key="fontDescription" type="system" pointSize="20"/>
                                <color key="textColor" red="0.055920660495758057" green="0.26091811060905457" blue="0.41716581583023071" alpha="1" colorSpace="custom" customColorSpace="sRGB"/>
                                <nil key="highlightedColor"/>
                            </label>
                            <label opaque="NO" userInteractionEnabled="NO" contentMode="left" horizontalHuggingPriority="251" verticalHuggingPriority="251" fixedFrame="YES" text="Save price" textAlignment="center" lineBreakMode="tailTruncation" baselineAdjustment="alignBaselines" adjustsFontSizeToFit="NO" translatesAutoresizingMaskIntoConstraints="NO" id="N2Y-6Y-YJ1">
                                <rect key="frame" x="142" y="249" width="91" height="24"/>
                                <autoresizingMask key="autoresizingMask" flexibleMaxX="YES" flexibleMaxY="YES"/>
                                <fontDescription key="fontDescription" type="system" pointSize="20"/>
                                <color key="textColor" red="0.060043461620807648" green="0.26088500022888184" blue="0.4171568751335144" alpha="1" colorSpace="custom" customColorSpace="sRGB"/>
                                <nil key="highlightedColor"/>
                            </label>
                            <imageView userInteractionEnabled="NO" contentMode="scaleToFill" horizontalHuggingPriority="251" verticalHuggingPriority="251" fixedFrame="YES" image="toright" translatesAutoresizingMaskIntoConstraints="NO" id="ngW-pb-7eQ">
                                <rect key="frame" x="345" y="137" width="16" height="54"/>
                                <autoresizingMask key="autoresizingMask" flexibleMaxX="YES" flexibleMaxY="YES"/>
                            </imageView>
                            <imageView userInteractionEnabled="NO" contentMode="scaleToFill" horizontalHuggingPriority="251" verticalHuggingPriority="251" fixedFrame="YES" image="toleft" translatesAutoresizingMaskIntoConstraints="NO" id="LjW-Cg-Egm">
                                <rect key="frame" x="16" y="137" width="16" height="54"/>
                                <autoresizingMask key="autoresizingMask" flexibleMaxX="YES" flexibleMaxY="YES"/>
                            </imageView>
                        </subviews>
                        <color key="backgroundColor" white="0.0" alpha="0.0" colorSpace="custom" customColorSpace="genericGamma22GrayColorSpace"/>
                        <viewLayoutGuide key="safeArea" id="0U9-Uf-jNi"/>
                    </view>
                    <connections>
                        <outlet property="background" destination="n5U-Al-Ygm" id="3ok-qC-nWG"/>
                    </connections>
                </viewController>
                <placeholder placeholderIdentifier="IBFirstResponder" id="KJJ-rF-MiM" userLabel="First Responder" sceneMemberID="firstResponder"/>
            </objects>
            <point key="canvasLocation" x="301.60000000000002" y="-698.27586206896558"/>
        </scene>
        <!--View Controller-->
        <scene sceneID="HVv-h3-boo">
            <objects>
                <viewController storyboardIdentifier="p2" id="29s-zn-dUG" sceneMemberID="viewController">
                    <view key="view" contentMode="scaleToFill" id="Uaz-Ne-Thj">
                        <rect key="frame" x="0.0" y="0.0" width="375" height="812"/>
                        <autoresizingMask key="autoresizingMask" widthSizable="YES" heightSizable="YES"/>
                        <subviews>
                            <imageView userInteractionEnabled="NO" contentMode="scaleToFill" horizontalHuggingPriority="251" verticalHuggingPriority="251" fixedFrame="YES" image="CouponBackground" translatesAutoresizingMaskIntoConstraints="NO" id="00R-qb-iTX">
                                <rect key="frame" x="-4" y="0.0" width="375" height="812"/>
                                <autoresizingMask key="autoresizingMask" flexibleMaxX="YES" flexibleMaxY="YES"/>
                            </imageView>
                            <containerView opaque="NO" contentMode="scaleToFill" fixedFrame="YES" translatesAutoresizingMaskIntoConstraints="NO" id="Lne-Ze-nzw">
                                <rect key="frame" x="0.0" y="139" width="375" height="620"/>
                                <autoresizingMask key="autoresizingMask" widthSizable="YES" flexibleMinY="YES"/>
                                <color key="backgroundColor" white="0.0" alpha="0.0" colorSpace="custom" customColorSpace="genericGamma22GrayColorSpace"/>
                                <connections>
                                    <segue destination="1f1-si-51E" kind="embed" id="hVG-2k-3d9"/>
                                </connections>
                            </containerView>
                            <label opaque="NO" userInteractionEnabled="NO" contentMode="left" horizontalHuggingPriority="251" verticalHuggingPriority="251" fixedFrame="YES" text="Coupon" textAlignment="center" lineBreakMode="tailTruncation" baselineAdjustment="alignBaselines" highlighted="YES" adjustsFontSizeToFit="NO" translatesAutoresizingMaskIntoConstraints="NO" id="uYm-Fg-l8a">
                                <rect key="frame" x="90" y="71" width="195" height="60"/>
                                <autoresizingMask key="autoresizingMask" flexibleMaxX="YES" flexibleMaxY="YES"/>
                                <fontDescription key="fontDescription" type="system" pointSize="45"/>
                                <color key="textColor" white="1" alpha="1" colorSpace="custom" customColorSpace="genericGamma22GrayColorSpace"/>
                                <nil key="highlightedColor"/>
                            </label>
                        </subviews>
                        <color key="backgroundColor" white="1" alpha="1" colorSpace="custom" customColorSpace="genericGamma22GrayColorSpace"/>
                        <viewLayoutGuide key="safeArea" id="c0J-KA-xKI"/>
                    </view>
                </viewController>
                <placeholder placeholderIdentifier="IBFirstResponder" id="Nyu-tB-PiN" userLabel="First Responder" sceneMemberID="firstResponder"/>
            </objects>
            <point key="canvasLocation" x="1238" y="27"/>
        </scene>
        <!--Coupon List-->
        <scene sceneID="qV3-6s-zfZ">
            <objects>
                <tableViewController id="1f1-si-51E" customClass="CouponList" customModule="mainproject" customModuleProvider="target" sceneMemberID="viewController">
                    <tableView key="view" clipsSubviews="YES" contentMode="scaleToFill" alwaysBounceVertical="YES" indicatorStyle="black" dataMode="prototypes" style="plain" separatorStyle="none" allowsSelection="NO" rowHeight="90" estimatedRowHeight="50" sectionHeaderHeight="28" sectionFooterHeight="28" id="Da4-fh-u8j">
                        <rect key="frame" x="0.0" y="0.0" width="375" height="620"/>
                        <autoresizingMask key="autoresizingMask" widthSizable="YES" heightSizable="YES"/>
                        <color key="backgroundColor" white="0.0" alpha="0.0" colorSpace="custom" customColorSpace="genericGamma22GrayColorSpace"/>
                        <color key="separatorColor" white="0.0" alpha="0.0" colorSpace="custom" customColorSpace="genericGamma22GrayColorSpace"/>
                        <color key="sectionIndexBackgroundColor" white="0.0" alpha="0.0" colorSpace="custom" customColorSpace="genericGamma22GrayColorSpace"/>
                        <prototypes>
                            <tableViewCell clipsSubviews="YES" alpha="0.80000000000000004" contentMode="scaleToFill" preservesSuperviewLayoutMargins="YES" selectionStyle="default" indentationWidth="5" reuseIdentifier="CouponCell" rowHeight="90" id="gji-1n-77x" customClass="CouponCell" customModule="mainproject" customModuleProvider="target">
                                <rect key="frame" x="0.0" y="28" width="375" height="90"/>
                                <autoresizingMask key="autoresizingMask" flexibleMinX="YES" flexibleMaxX="YES" flexibleMinY="YES" flexibleMaxY="YES"/>
                                <tableViewCellContentView key="contentView" clipsSubviews="YES" multipleTouchEnabled="YES" contentMode="scaleToFill" preservesSuperviewLayoutMargins="YES" insetsLayoutMarginsFromSafeArea="NO" tableViewCell="gji-1n-77x" id="cWk-SE-dch" customClass="CellImage" customModule="mainproject" customModuleProvider="target">
                                    <rect key="frame" x="0.0" y="0.0" width="375" height="90"/>
                                    <autoresizingMask key="autoresizingMask" flexibleMinX="YES" flexibleMaxX="YES" flexibleMaxY="YES"/>
                                    <subviews>
                                        <button opaque="NO" contentMode="scaleToFill" fixedFrame="YES" contentHorizontalAlignment="center" contentVerticalAlignment="center" buttonType="roundedRect" lineBreakMode="middleTruncation" translatesAutoresizingMaskIntoConstraints="NO" id="jeu-7i-voV">
                                            <rect key="frame" x="0.0" y="0.0" width="375" height="90"/>
                                            <autoresizingMask key="autoresizingMask" flexibleMaxX="YES" flexibleMaxY="YES"/>
                                            <connections>
                                                <segue destination="aXc-px-saz" kind="show" id="kGk-Nc-gJO"/>
                                            </connections>
                                        </button>
                                        <label opaque="NO" userInteractionEnabled="NO" contentMode="left" horizontalHuggingPriority="251" verticalHuggingPriority="251" fixedFrame="YES" text="store" lineBreakMode="tailTruncation" baselineAdjustment="alignBaselines" minimumFontSize="31" highlighted="YES" translatesAutoresizingMaskIntoConstraints="NO" id="xeH-DZ-fc0">
                                            <rect key="frame" x="16" y="17" width="175" height="56"/>
                                            <autoresizingMask key="autoresizingMask" flexibleMaxX="YES" flexibleMaxY="YES"/>
                                            <fontDescription key="fontDescription" name=".SFNSDisplay" family=".SF NS Display" pointSize="50"/>
                                            <color key="textColor" red="0.085803396999835968" green="0.17947623133659363" blue="0.23138061165809631" alpha="1" colorSpace="custom" customColorSpace="displayP3"/>
                                            <nil key="highlightedColor"/>
                                        </label>
                                        <label opaque="NO" userInteractionEnabled="NO" contentMode="left" verticalHuggingPriority="251" fixedFrame="YES" text="discount" textAlignment="center" lineBreakMode="tailTruncation" baselineAdjustment="alignBaselines" minimumFontSize="28" highlighted="YES" translatesAutoresizingMaskIntoConstraints="NO" id="HHQ-VC-2UA">
                                            <rect key="frame" x="199" y="27" width="121" height="44"/>
                                            <autoresizingMask key="autoresizingMask" flexibleMaxX="YES" flexibleMaxY="YES"/>
                                            <fontDescription key="fontDescription" type="system" pointSize="28"/>
                                            <color key="textColor" red="0.085803396999835968" green="0.17947623133659363" blue="0.23138061165809631" alpha="1" colorSpace="custom" customColorSpace="displayP3"/>
                                            <nil key="highlightedColor"/>
                                        </label>
                                    </subviews>
                                    <color key="backgroundColor" white="0.0" alpha="0.0" colorSpace="custom" customColorSpace="genericGamma22GrayColorSpace"/>
                                </tableViewCellContentView>
                                <color key="backgroundColor" white="0.0" alpha="0.0" colorSpace="custom" customColorSpace="genericGamma22GrayColorSpace"/>
                                <color key="tintColor" red="0.0" green="0.47843137250000001" blue="1" alpha="1" colorSpace="custom" customColorSpace="sRGB"/>
                                <connections>
                                    <outlet property="CouponDiscount" destination="HHQ-VC-2UA" id="EfQ-sY-OYq"/>
                                    <outlet property="CouponStore" destination="xeH-DZ-fc0" id="NmG-EK-9VO"/>
                                </connections>
                            </tableViewCell>
                        </prototypes>
                        <connections>
                            <outlet property="dataSource" destination="1f1-si-51E" id="0Y5-yL-RVw"/>
                            <outlet property="delegate" destination="1f1-si-51E" id="LjV-1N-Pto"/>
                        </connections>
                    </tableView>
                    <navigationItem key="navigationItem" id="qM5-xS-lNK"/>
                    <connections>
                        <outlet property="tableview" destination="Da4-fh-u8j" id="Jab-bS-Bgh"/>
                    </connections>
                </tableViewController>
                <placeholder placeholderIdentifier="IBFirstResponder" id="1a2-72-pmP" userLabel="First Responder" sceneMemberID="firstResponder"/>
            </objects>
            <point key="canvasLocation" x="1984.8" y="60.591133004926114"/>
        </scene>
        <!--Web View-->
        <scene sceneID="d5Z-mo-r33">
            <objects>
                <viewController id="aXc-px-saz" customClass="WebView" customModule="mainproject" customModuleProvider="target" sceneMemberID="viewController">
                    <view key="view" contentMode="scaleToFill" id="mB9-Oj-OON">
                        <rect key="frame" x="0.0" y="0.0" width="375" height="620"/>
                        <autoresizingMask key="autoresizingMask" widthSizable="YES" heightSizable="YES"/>
                        <subviews>
                            <button opaque="NO" contentMode="scaleToFill" fixedFrame="YES" contentHorizontalAlignment="center" contentVerticalAlignment="center" buttonType="roundedRect" lineBreakMode="middleTruncation" translatesAutoresizingMaskIntoConstraints="NO" id="pXZ-TL-2I9">
                                <rect key="frame" x="15" y="26" width="118" height="37"/>
                                <autoresizingMask key="autoresizingMask" flexibleMaxX="YES" flexibleMaxY="YES"/>
                                <state key="normal" title="Back"/>
                                <connections>
                                    <segue destination="Pc6-cf-mvn" kind="show" id="FFm-kX-l0q"/>
                                </connections>
                            </button>
                            <webView contentMode="scaleToFill" fixedFrame="YES" translatesAutoresizingMaskIntoConstraints="NO" id="pua-uN-8ci">
                                <rect key="frame" x="0.0" y="71" width="375" height="549"/>
                                <autoresizingMask key="autoresizingMask" flexibleMaxX="YES" flexibleMaxY="YES"/>
                                <color key="backgroundColor" red="0.36078431370000003" green="0.38823529410000002" blue="0.4039215686" alpha="1" colorSpace="custom" customColorSpace="sRGB"/>
                                <dataDetectorType key="dataDetectorTypes" phoneNumber="YES" link="YES" address="YES"/>
                            </webView>
                        </subviews>
                        <color key="backgroundColor" white="1" alpha="1" colorSpace="custom" customColorSpace="genericGamma22GrayColorSpace"/>
                        <viewLayoutGuide key="safeArea" id="ZlT-Qg-3ZR"/>
                    </view>
                    <connections>
                        <outlet property="WebView" destination="pua-uN-8ci" id="e5V-B2-XWS"/>
                    </connections>
                </viewController>
                <placeholder placeholderIdentifier="IBFirstResponder" id="x4c-Fs-0Ha" userLabel="First Responder" sceneMemberID="firstResponder"/>
            </objects>
            <point key="canvasLocation" x="1984.8" y="631.77339901477831"/>
        </scene>
    </scenes>
    <resources>
        <image name="CenterBackground" width="375" height="812"/>
        <image name="CouponBackground" width="375" height="812"/>
        <image name="User" width="60" height="60"/>
        <image name="arrow-left-circle" width="24" height="24"/>
        <image name="clean" width="22" height="23"/>
        <image name="leftpage" width="375" height="812"/>
        <image name="toleft" width="26" height="65"/>
        <image name="toright" width="25" height="65"/>
        <image name="whitemarble" width="375" height="812"/>
    </resources>
    <inferredMetricsTieBreakers>
        <segue reference="cz6-ZF-qWg"/>
    </inferredMetricsTieBreakers>
</document>
